﻿<LinkSources version="1.02">
  <page ID="D69CF030-2565-4C32-82F3-8CB2547228B4">
    <linkSource sourcePageID="F184A7DB-8A0E-4A59-BAC0-8DED58F5F412" comID="2F30A2FE-A7E2-4E06-97D3-8B948FDDFF07" comLinkType="cltPageLink"/>
    <linkSource sourcePageID="6B742E74-61A1-45CC-A961-A07A874D12AF" comID="C5C623D3-7901-493F-B437-A37CD902FC74" comLinkType="cltPageLink"/>
  </page>
  <page ID="F184A7DB-8A0E-4A59-BAC0-8DED58F5F412">
    <linkSource sourcePageID="9626AE24-017C-4F15-95D3-A1E906690117" comID="36111963-C8B0-4064-B43D-CF19FFE74D5E" comLinkType="cltPageLink"/>
    <linkSource sourcePageID="9626AE24-017C-4F15-95D3-A1E906690117" comID="193371F7-31D7-4919-9A0A-335C85483EDD" comLinkType="cltPageLink"/>
    <linkSource sourcePageID="A754B36F-C70E-4338-B968-F9E2155782D6" comID="2719000E-BB25-4AB1-AB14-C94DC4D58564" comLinkType="cltPageLink"/>
    <linkSource sourcePageID="A754B36F-C70E-4338-B968-F9E2155782D6" comID="8E7B3BDF-CC33-4E0B-AD9D-E9F0CF960ACD" comLinkType="cltPageLink"/>
    <linkSource sourcePageID="A722E7D7-AC94-4341-BAC0-BAD055E896B1" comID="8C8A78E3-5586-4FE0-A598-9176FCAA70D8" comLinkType="cltPageLink"/>
    <linkSource sourcePageID="A722E7D7-AC94-4341-BAC0-BAD055E896B1" comID="E6456152-F402-45D2-A745-BDA96541D7B3" comLinkType="cltPageLink"/>
    <linkSource sourcePageID="53186F2B-E37B-4D82-8D30-06E5B76754CE" comID="430D277E-8367-4525-99D1-7241AA3172DF" comLinkType="cltPageLink"/>
    <linkSource sourcePageID="53186F2B-E37B-4D82-8D30-06E5B76754CE" comID="E54DFA31-E8B1-4EFB-B8BC-1E078446A713" comLinkType="cltPageLink"/>
    <linkSource sourcePageID="D69CF030-2565-4C32-82F3-8CB2547228B4" comID="F6F33978-C4F3-496E-B70B-473D0235DF22" comLinkType="cltPageLink"/>
  </page>
  <page ID="53186F2B-E37B-4D82-8D30-06E5B76754CE">
    <linkSource sourcePageID="F184A7DB-8A0E-4A59-BAC0-8DED58F5F412" comID="3B626639-C49D-4ED7-BA32-CBF8A353B76A" comLinkType="cltPageLink"/>
    <linkSource sourcePageID="6B742E74-61A1-45CC-A961-A07A874D12AF" comID="1796C46B-5D01-44B9-980C-DA7FBD0952FB" comLinkType="cltPageLink"/>
  </page>
  <page ID="9626AE24-017C-4F15-95D3-A1E906690117">
    <linkSource sourcePageID="F184A7DB-8A0E-4A59-BAC0-8DED58F5F412" comID="CE7BBB05-2F10-4A5A-831D-99B58698C76B" comLinkType="cltPageLink"/>
    <linkSource sourcePageID="A754B36F-C70E-4338-B968-F9E2155782D6" comID="CE7BBB05-2F10-4A5A-831D-99B58698C76B" comLinkType="cltPageLink"/>
    <linkSource sourcePageID="A722E7D7-AC94-4341-BAC0-BAD055E896B1" comID="D90CEC51-4978-45B3-8298-1C991C4D445C" comLinkType="cltPageLink"/>
    <linkSource sourcePageID="53186F2B-E37B-4D82-8D30-06E5B76754CE" comID="CE7BBB05-2F10-4A5A-831D-99B58698C76B" comLinkType="cltPageLink"/>
    <linkSource sourcePageID="53186F2B-E37B-4D82-8D30-06E5B76754CE" comID="DDE52497-BC5F-4D5D-9D94-920E1BB6318C" comLinkType="cltPageLink"/>
  </page>
  <page ID="6B742E74-61A1-45CC-A961-A07A874D12AF">
    <linkSource sourcePageID="A722E7D7-AC94-4341-BAC0-BAD055E896B1" comID="E6456152-F402-45D2-A745-BDA96541D7B3" comLinkType="cltPageLink"/>
    <linkSource sourcePageID="D69CF030-2565-4C32-82F3-8CB2547228B4" comID="F6F33978-C4F3-496E-B70B-473D0235DF22" comLinkType="cltPageLink"/>
  </page>
  <page ID="A722E7D7-AC94-4341-BAC0-BAD055E896B1">
    <linkSource sourcePageID="A722E7D7-AC94-4341-BAC0-BAD055E896B1" comID="8C8A78E3-5586-4FE0-A598-9176FCAA70D8" comLinkType="cltPageLink"/>
    <linkSource sourcePageID="6B742E74-61A1-45CC-A961-A07A874D12AF" comID="1796C46B-5D01-44B9-980C-DA7FBD0952FB" comLinkType="cltPageLink"/>
  </page>
  <page ID="A754B36F-C70E-4338-B968-F9E2155782D6">
    <linkSource sourcePageID="F184A7DB-8A0E-4A59-BAC0-8DED58F5F412" comID="3B626639-C49D-4ED7-BA32-CBF8A353B76A" comLinkType="cltPageLink"/>
    <linkSource sourcePageID="6B742E74-61A1-45CC-A961-A07A874D12AF" comID="B5D4C40D-E63C-435D-87D1-B52B65BBF561" comLinkType="cltPageLink"/>
    <linkSource sourcePageID="A722E7D7-AC94-4341-BAC0-BAD055E896B1" comID="B5D4C40D-E63C-435D-87D1-B52B65BBF561" comLinkType="cltPageLink"/>
    <linkSource sourcePageID="53186F2B-E37B-4D82-8D30-06E5B76754CE" comID="3B626639-C49D-4ED7-BA32-CBF8A353B76A" comLinkType="cltPageLink"/>
  </page>
</LinkSources>