﻿<mockup version="5.3" minAllowVersion="5.3" ID="6B742E74-61A1-45CC-A961-A07A874D12AF" platform="MtWeb" defaultW="1030" defaultH="860" measureW="1030" measureH="860" mobileScreenScale="0">
  <controls controlCount="7">
    <control controlID="1684F9C7-0359-4E89-BF9D-939A1413C0B8" controlTypeID="Image" x="3" y="0" w="1022" h="831" zOrder="0">
      <URL>436E89335B3A7786AA07059F504ECA41.png</URL>
    </control>
    <control controlID="B74D9393-E0CF-4827-895F-A98B92D41E30" controlTypeID="Shape" x="27" y="331" w="465" h="214" zOrder="1">
      <borderVisible>False</borderVisible>
      <font family="Segoe+UI" displayName="Segoe+UI" postScript="" weightStyle="Regular" weight="400" isBold="False" isItalic="False"/>
      <textSize>14</textSize>
      <selectedIndex>-1</selectedIndex>
    </control>
    <control controlID="C5C623D3-7901-493F-B437-A37CD902FC74" controlTypeID="LinkBar" x="964" y="821" w="37" h="19" zOrder="2">
      <links eventType="AtClick" animate="AmNone" animateAutoDelay="0" animateDuration="500">
        <link targetPageID="D69CF030-2565-4C32-82F3-8CB2547228B4" linkType="ltPageLink" isApplyIncludePage="False" title="Home">
          <area shape="0" alt="" ID="{55954000-5190-4052-BD36-B183155C89CE}" coords="(0,0,37,19)"/>
        </link>
      </links>
      <font family="Segoe+UI" displayName="Segoe+UI" postScript="" weightStyle="Regular" weight="400" isBold="False" isItalic="False"/>
      <text>Home</text>
      <textSize>14</textSize>
      <lineSpacing>0</lineSpacing>
    </control>
    <control controlID="6098E034-8C70-492C-83BB-4EBBF707BC55" controlTypeID="TextArea" x="20" y="330" w="142" h="90" zOrder="3">
      <font family="Segoe+UI" displayName="Segoe+UI" postScript="" weightStyle="Regular" weight="400" isBold="False" isItalic="False"/>
      <text>Additional+fields+for+SR+Forward</text>
      <textAlign>HaRight</textAlign>
      <selectedIndex>-1</selectedIndex>
    </control>
    <control controlID="9A6BDF88-1C16-4E5C-8A6C-197CCDD97331" controlTypeID="Link" x="368" y="396" w="47" h="19" zOrder="4">
      <externalURL>https%3A%2F%2Fapi.slack.com%2Fdocs%2Fmessages%2Fbuilder%3Fmsg%3D%257B%2522attachments%2522%253A%255B%257B%2522fallback%2522%253A%2522%255BSR%2520Title%255D%2522%252C%2522color%2522%253A%2522%252336a64f%2522%252C%2522pretext%2522%253A%2522%255BSR%2520Title%255D%2522%252C%2522author_name%2522%253A%2522%255BMessage_Created_by%255D%2522%252C%2522title%2522%253A%2522%255BSRNumber%255D%2522%252C%2522title_link%2522%253A%2522https%253A%252F%252F%2522%252C%2522fields%2522%253A%255B%257B%2522title%2522%253A%2522%2522%252C%2522value%2522%253A%2522%255BForward%2520Message%2520Content%255D%2522%252C%2522short%2522%253Afalse%257D%255D%252C%2522actions%2522%253A%255B%257B%2522name%2522%253A%2522IntenalNote%2522%252C%2522text%2522%253A%2522Reply%2522%252C%2522type%2522%253A%2522button%2522%252C%2522value%2522%253A%2522ORA_SVC_INTERNAL_NOTE%2522%257D%255D%257D%255D%257D</externalURL>
      <font family="Segoe+UI" displayName="Segoe+UI" postScript="" weightStyle="Regular" weight="400" isBold="False" isItalic="False"/>
      <text>Preview</text>
      <textSize>14</textSize>
      <lineSpacing>0</lineSpacing>
      <selectedIndex>-1</selectedIndex>
    </control>
    <control controlID="1796C46B-5D01-44B9-980C-DA7FBD0952FB" controlTypeID="Icon" x="425" y="356" w="17" h="17" zOrder="5">
      <links eventType="AtClick" animate="AmNone" animateAutoDelay="0" animateDuration="500">
        <link targetPageID="A722E7D7-AC94-4341-BAC0-BAD055E896B1" linkType="ltPageLink" isApplyIncludePage="False" title="Create+Channel-Select+Forward+Fields">
          <area shape="0" alt="" ID="{5A05C3D8-6E0C-462C-969B-ED815CE9AFF5}" coords="(0,0,17,17)"/>
        </link>
      </links>
      <icon>
        <ID/>
        <iconFontName>jdIonicons</iconFontName>
        <iconCode>62334</iconCode>
      </icon>
      <URL>69A4D1E5CE13432C6A4F579026917C6A.svg</URL>
    </control>
    <control controlID="BB124F7A-7F2D-48CF-A35A-D811D836A982" controlTypeID="Shape" x="172" y="331" w="243" h="65" zOrder="6">
      <verticalScrollbarShow>True</verticalScrollbarShow>
      <font family="Segoe+UI" displayName="Segoe+UI" postScript="" weightStyle="Regular" weight="400" isBold="False" isItalic="False"/>
      <textSize>14</textSize>
      <textAlign>HaLeft</textAlign>
      <textVAlign>VaTop</textVAlign>
      <selectedIndex>-1</selectedIndex>
    </control>
  </controls>
  <param>
    <backgroundColor>4294967295</backgroundColor>
    <fontSize>0</fontSize>
    <fontFamily/>
    <guideLines/>
  </param>
</mockup>